City_ID,City,Country,Lat,Lng,Max Temp,Humidity,Cloudiness,Wind Speed,Description
0,Ushuaia,AR,-54.8,-68.3,39.2,93,75,31.09,moderate rain
1,Jamestown,US,42.1,-79.24,60.8,63,1,3.36,clear sky
2,Bengkulu,ID,-3.8,102.27,82.65,67,100,4.07,overcast clouds
3,Alice Springs,AU,-23.7,133.88,64.4,25,0,9.17,clear sky
4,Haines Junction,CA,60.75,-137.51,60.3,42,69,2.73,broken clouds
5,Rikitea,PF,-23.12,-134.97,69.94,85,100,22.97,overcast clouds
6,Hilo,US,19.73,-155.09,82.4,65,90,10.29,overcast clouds
7,Portland,US,45.52,-122.68,86.0,35,75,3.36,broken clouds
8,Mbandaka,CD,0.05,18.26,72.72,87,100,2.77,overcast clouds
9,Severnyy,RU,50.68,36.55,62.6,67,94,8.95,overcast clouds
10,Pandamatenga,BW,-18.53,25.63,49.75,39,0,5.23,clear sky
11,Akdepe,TM,42.06,59.38,68.0,60,0,2.24,clear sky
12,Bluff,NZ,-46.6,168.33,57.99,76,99,3.0,overcast clouds
13,Georgetown,MY,5.41,100.34,82.4,88,20,3.36,haze
14,Podyuga,RU,61.09,40.86,39.85,86,0,2.59,clear sky
15,Tuktoyaktuk,CA,69.45,-133.04,53.6,81,75,9.17,broken clouds
16,Kapaa,US,22.08,-159.32,84.2,62,1,13.87,clear sky
17,Labuan,MY,5.28,115.24,80.6,88,20,1.12,few clouds
18,Hermanus,ZA,-34.42,19.23,45.0,93,99,10.83,overcast clouds
19,New Norfolk,AU,-42.78,147.06,54.0,76,0,5.01,clear sky
20,Garissa,KE,-0.45,39.64,72.3,82,41,12.28,scattered clouds
21,Torbay,CA,47.67,-52.73,64.0,88,90,12.75,overcast clouds
22,Tautira,PF,-17.73,-149.15,82.4,65,75,3.36,shower rain
23,Punta Arenas,CL,-53.15,-70.92,44.6,81,70,29.97,broken clouds
24,Faanui,PF,-16.48,-151.75,78.35,77,7,20.13,light rain
25,Vaini,TO,-21.2,-175.2,75.2,88,90,10.29,overcast clouds
26,Salisbury,GB,51.07,-1.8,64.4,88,100,19.46,overcast clouds
27,Broome,US,42.25,-75.83,60.8,55,1,4.7,clear sky
28,Banda Aceh,ID,5.56,95.32,83.05,71,94,4.29,overcast clouds
29,Katsuura,JP,35.13,140.3,93.0,70,20,16.11,few clouds
30,Albany,US,42.6,-73.97,68.0,58,6,1.99,clear sky
31,Norman Wells,CA,65.28,-126.83,64.4,48,20,3.36,few clouds
32,Nachingwea,TZ,-10.38,38.77,64.9,97,94,1.19,overcast clouds
33,Bykovo,RU,55.64,38.08,61.0,82,57,4.47,broken clouds
34,Mataura,NZ,-46.19,168.86,57.99,76,97,3.0,overcast clouds
35,Carlisle,US,40.2,-77.19,68.0,70,0,1.99,clear sky
36,Hamilton,US,39.18,-84.53,70.0,77,1,6.04,clear sky
37,Sumbe,AO,-11.21,13.84,69.67,90,96,1.54,overcast clouds
38,Yeppoon,AU,-23.13,150.73,77.0,16,6,12.75,clear sky
39,Ballina,AU,-28.87,153.57,68.0,34,75,18.34,broken clouds
40,Butaritari,KI,3.07,172.79,83.5,76,97,10.87,light rain
41,Ponta Do Sol,PT,32.67,-17.1,73.4,73,40,2.24,scattered clouds
42,Bisert,RU,56.86,59.05,47.17,95,100,13.91,light rain
43,Kropotkin,RU,45.44,40.58,66.24,45,0,5.93,clear sky
44,Havre-Saint-Pierre,CA,50.23,-63.6,60.8,87,90,5.82,overcast clouds
45,Saldanha,ZA,-33.01,17.94,50.65,79,47,3.58,scattered clouds
46,San Rafael,AR,-34.62,-68.33,38.35,63,0,4.38,clear sky
47,Qaanaaq,GL,77.48,-69.36,45.0,90,100,4.63,moderate rain
48,Castro,BR,-24.79,-50.01,51.87,96,100,4.36,light rain
49,Buala,SB,-8.14,159.59,85.53,69,69,2.1,light rain
50,Arraial Do Cabo,BR,-22.97,-42.03,71.29,89,0,17.69,clear sky
51,Mar Del Plata,AR,-38.0,-57.56,44.01,71,94,4.0,overcast clouds
52,Mayor Pablo Lagerenza,PY,-19.93,-60.77,60.96,90,100,9.78,heavy intensity rain
53,Atambua,ID,-9.11,124.89,85.71,36,0,1.97,clear sky
54,Quatre Cocos,MU,-20.21,57.76,68.0,82,75,8.05,shower rain
55,Rylsk,RU,51.57,34.68,62.87,87,86,8.1,overcast clouds
56,Matagami,CA,49.75,-77.63,48.04,86,1,1.41,clear sky
57,Tasiilaq,GL,65.61,-37.64,44.6,75,0,8.05,clear sky
58,Vestnes,NO,62.63,7.09,59.0,93,92,2.24,overcast clouds
59,Dikson,RU,73.51,80.55,49.71,68,0,15.95,clear sky
60,Tongchuan,CN,35.08,109.09,67.86,85,97,3.94,overcast clouds
61,Diffa,NE,13.32,12.61,82.98,58,100,14.47,overcast clouds
62,Sao Filipe,CV,14.9,-24.5,77.38,82,20,10.94,few clouds
63,Thompson,CA,55.74,-97.86,68.0,64,90,3.36,overcast clouds
64,Codrington,AU,-38.27,141.97,54.55,71,30,20.04,light rain
65,Mokhsogollokh,RU,61.47,128.92,55.98,62,93,6.98,overcast clouds
66,Hithadhoo,MV,-0.6,73.08,83.3,66,69,0.92,broken clouds
67,Busselton,AU,-33.65,115.33,55.99,78,75,3.18,light rain
68,Ribeira Grande,PT,38.52,-28.7,68.97,69,47,16.08,scattered clouds
69,Chingirlau,KZ,51.09,54.08,51.73,72,0,6.67,clear sky
70,Mindelo,CV,16.89,-24.98,78.8,69,0,13.87,clear sky
71,Upernavik,GL,72.79,-56.15,49.26,69,40,2.28,scattered clouds
72,Labuhan,ID,-6.88,112.21,83.26,65,100,7.92,overcast clouds
73,Bud,US,39.45,-86.18,66.2,77,1,6.93,clear sky
74,Mackay,AU,-21.15,149.2,82.0,44,0,8.05,clear sky
75,Ponta Delgada,PT,37.73,-25.67,64.4,77,40,4.7,scattered clouds
76,Rawson,AR,-43.3,-65.1,42.46,58,0,12.17,clear sky
77,Byron Bay,AU,-28.65,153.62,68.0,34,75,18.34,broken clouds
78,Zhigansk,RU,66.77,123.37,49.01,57,0,12.71,clear sky
79,Keta,GH,5.92,0.99,77.0,83,40,12.75,scattered clouds
80,Pangnirtung,CA,66.15,-65.71,53.55,41,24,1.92,few clouds
81,Hami,CN,42.8,93.45,83.64,23,100,0.76,overcast clouds
82,Carnarvon,AU,-24.87,113.63,64.4,48,91,8.05,overcast clouds
83,Sao Joao Da Barra,BR,-21.64,-41.05,73.18,85,0,16.84,clear sky
84,Longyearbyen,SJ,78.22,15.64,42.8,70,75,16.11,broken clouds
85,Guerrero Negro,MX,27.98,-114.06,78.57,63,0,17.69,clear sky
86,Hurghada,EG,27.26,33.81,81.07,51,0,16.98,clear sky
87,Vanimo,PG,-2.67,141.3,86.85,58,0,7.49,clear sky
88,Laguna,US,38.42,-121.42,97.0,18,75,4.7,broken clouds
89,Nkhata Bay,MW,-11.61,34.29,70.48,58,100,4.09,overcast clouds
90,Altamira,BR,-3.2,-52.21,79.74,53,40,3.38,scattered clouds
91,Hualmay,PE,-11.1,-77.61,59.74,84,40,9.89,scattered clouds
92,Coxim,BR,-18.51,-54.76,78.89,46,62,16.6,broken clouds
93,Grand Gaube,MU,-20.01,57.66,68.0,66,9,1.99,clear sky
94,Mahina,PF,-17.51,-149.49,82.4,65,75,3.36,shower rain
95,Mahebourg,MU,-20.41,57.7,68.0,82,75,8.05,shower rain
96,Kaitangata,NZ,-46.28,169.85,51.01,81,61,5.01,broken clouds
97,Victoria,HK,22.29,114.16,84.99,84,67,10.0,broken clouds
98,Tiksi,RU,71.69,128.87,39.97,88,100,6.22,overcast clouds
99,Izumo,JP,35.37,132.77,89.6,62,40,9.17,scattered clouds
100,Kroya,ID,-7.63,109.25,81.93,69,38,2.28,scattered clouds
101,Novoagansk,RU,61.94,76.66,57.18,87,13,8.16,few clouds
102,Namibe,AO,-15.2,12.15,63.52,88,0,2.86,clear sky
103,Kavieng,PG,-2.57,150.8,84.13,73,67,9.82,light rain
104,Avarua,CK,-21.21,-159.78,75.2,73,97,25.28,overcast clouds
105,Batagay-Alyta,RU,67.8,130.41,39.94,71,95,5.64,overcast clouds
106,Bone,DE,51.97,12.14,61.0,83,100,5.64,overcast clouds
107,Saint-Philippe,RE,-21.36,55.77,69.01,68,90,3.36,overcast clouds
108,Beisfjord,NO,68.38,17.6,48.2,93,99,5.82,light rain
109,Talaya,RU,61.38,152.75,47.95,86,100,11.59,moderate rain
110,Road Town,VG,18.42,-64.62,84.0,82,0,13.0,clear sky
111,Kodiak,US,57.79,-152.41,62.6,67,90,9.17,overcast clouds
112,Geraldton,AU,-28.77,114.6,57.2,71,32,8.05,scattered clouds
113,Yulara,AU,-25.24,130.99,64.4,31,0,9.17,clear sky
114,Richards Bay,ZA,-28.78,32.04,56.41,72,58,6.08,broken clouds
115,Cape Town,ZA,-33.93,18.42,55.0,87,75,8.05,broken clouds
116,Venice,US,27.1,-82.45,80.6,83,1,3.56,clear sky
117,Yellowknife,CA,62.46,-114.35,59.0,100,90,8.05,light rain
118,Ordubad,AZ,38.91,46.02,69.8,56,0,6.93,clear sky
119,Atuona,PF,-9.8,-139.03,78.48,77,14,15.61,few clouds
120,Dunedin,NZ,-45.87,170.5,50.0,86,50,8.99,scattered clouds
121,Keningau,MY,5.34,116.16,82.4,78,20,8.05,few clouds
122,Madingou,CG,-4.15,13.55,73.51,82,98,4.23,overcast clouds
123,Daru,PG,-9.08,143.21,80.51,66,9,8.23,clear sky
124,Barrow,US,71.29,-156.79,41.0,86,90,11.41,overcast clouds
125,Togul,RU,53.47,85.91,61.83,81,36,7.52,scattered clouds
126,Puerto Quijarro,BO,-17.78,-57.77,75.34,72,86,11.92,overcast clouds
127,Saskylakh,RU,71.92,114.08,45.91,61,100,4.81,overcast clouds
128,Oyem,GA,1.6,11.58,68.72,97,98,4.32,overcast clouds
129,Lompoc,US,34.64,-120.46,70.0,60,90,10.29,haze
130,Kasane,BW,-17.82,25.15,50.7,37,0,4.32,clear sky
131,Preobrazheniye,RU,42.9,133.91,61.43,88,100,7.2,light rain
132,Half Moon Bay,US,37.46,-122.43,89.6,82,1,12.88,clear sky
133,Puerto Ayora,EC,-0.74,-90.35,66.99,92,90,5.01,overcast clouds
134,Suoyarvi,RU,62.08,32.35,49.68,78,33,4.16,scattered clouds
135,Saint George,US,37.1,-113.58,107.6,9,1,16.11,clear sky
136,Navirai,BR,-23.07,-54.19,56.48,96,100,4.79,light rain
137,Yablonovo,RU,50.85,37.36,62.6,67,47,8.95,light rain
138,Magadan,RU,59.57,150.8,54.25,86,100,23.33,light rain
139,Chapais,CA,49.78,-74.85,51.8,81,20,8.05,few clouds
140,Ust-Nera,RU,64.57,143.2,47.64,65,100,7.49,overcast clouds
141,Tilichiki,RU,60.47,166.1,53.17,76,100,22.21,overcast clouds
142,Port Alfred,ZA,-33.59,26.89,50.45,70,1,8.68,clear sky
143,Dingle,PH,11.0,122.67,77.4,89,100,2.57,overcast clouds
144,Cairns,AU,-16.92,145.77,88.0,33,0,1.12,clear sky
145,Livramento,BR,-3.03,-60.18,86.0,70,11,4.7,few clouds
146,Nome,US,64.5,-165.41,57.0,81,75,14.99,broken clouds
147,Port Hardy,CA,50.7,-127.42,62.6,88,90,18.34,overcast clouds
148,Lavrentiya,RU,65.58,-171.0,55.51,66,72,9.22,broken clouds
149,Copiapo,CL,-27.37,-70.33,51.8,81,0,2.24,clear sky
150,Kruisfontein,ZA,-34.0,24.73,46.26,63,2,7.99,clear sky
151,Hobart,AU,-42.88,147.33,54.0,50,20,20.8,few clouds
152,Manitouwadge,CA,49.12,-85.84,54.3,98,100,4.5,overcast clouds
153,Ilulissat,GL,69.22,-51.1,51.8,43,0,5.82,clear sky
154,Kikwit,CD,-5.04,18.82,77.79,74,100,3.04,overcast clouds
155,Stettler,CA,52.32,-112.72,73.0,69,100,4.0,light rain
156,Flinders,AU,-34.58,150.86,62.01,47,0,18.01,clear sky
157,Tazmalt,DZ,36.39,4.4,75.2,53,44,4.7,scattered clouds
158,Iqaluit,CA,63.75,-68.51,44.6,93,90,10.29,overcast clouds
159,Bethel,US,41.37,-73.41,66.2,88,40,3.36,scattered clouds
160,Cabo San Lucas,MX,22.89,-109.91,78.01,94,100,20.0,moderate rain
161,Anadyr,RU,64.75,177.48,59.0,47,100,20.13,overcast clouds
162,Jaciara,BR,-15.97,-54.97,78.3,28,0,2.86,clear sky
163,Chokurdakh,RU,70.63,147.92,36.28,92,100,10.51,overcast clouds
164,Koslan,RU,63.46,48.9,49.06,94,100,9.73,overcast clouds
165,East London,ZA,-33.02,27.91,51.76,52,0,5.17,clear sky
166,Severo-Kurilsk,RU,50.68,156.12,53.69,91,100,7.54,overcast clouds
167,Yumen,CN,40.28,97.2,75.88,30,92,20.76,overcast clouds
168,Kirillov,RU,59.86,38.38,45.55,93,0,1.14,clear sky
169,Batemans Bay,AU,-35.72,150.18,64.0,69,0,8.99,clear sky
170,Vanavara,RU,60.34,102.28,63.3,70,100,3.58,light rain
171,Nachalovo,RU,46.34,48.2,64.4,88,0,2.24,clear sky
172,Leningradskiy,RU,69.38,178.42,56.97,49,94,6.62,overcast clouds
173,Clyde River,CA,70.47,-68.59,48.2,87,90,5.64,overcast clouds
174,Bojnice,SK,48.79,18.59,59.0,100,0,3.36,clear sky
175,Staryy Nadym,RU,65.61,72.68,58.78,86,90,9.08,overcast clouds
176,Manaus,BR,-3.1,-60.02,86.0,62,0,4.7,clear sky
177,Mtwara,TZ,-10.27,40.18,72.14,85,59,2.77,broken clouds
178,Ust-Kuyga,RU,70.02,135.6,41.13,84,100,2.93,overcast clouds
179,Asau,RO,46.43,26.4,60.01,99,99,3.56,overcast clouds
180,Shingu,JP,33.73,135.98,89.6,66,75,5.82,broken clouds
181,Mayumba,GA,-3.43,10.66,72.25,89,92,9.1,overcast clouds
182,Hasaki,JP,35.73,140.83,93.0,62,20,6.93,few clouds
183,Hambantota,LK,6.12,81.12,78.8,100,20,8.05,few clouds
184,Bontang,ID,0.13,117.5,83.03,71,0,4.23,clear sky
185,Hofn,IS,64.25,-15.21,46.8,74,41,13.85,scattered clouds
186,Severomorsk,RU,69.07,33.42,46.4,100,85,4.47,overcast clouds
187,Kalmunai,LK,7.42,81.82,80.31,73,100,6.26,overcast clouds
188,Nouadhibou,MR,20.93,-17.03,69.8,88,5,17.22,clear sky
189,Aklavik,CA,68.22,-135.01,66.2,52,40,4.7,scattered clouds
190,Maamba,ZM,-17.37,27.15,60.4,31,0,4.56,clear sky
191,Nikolskoye,RU,59.7,30.79,53.01,87,0,4.47,clear sky
192,Narsaq,GL,60.92,-46.05,50.0,66,22,4.7,few clouds
193,Brae,GB,60.4,-1.35,59.0,93,63,10.29,broken clouds
194,Fortuna,US,40.6,-124.16,69.01,72,1,4.0,clear sky
195,Bambous Virieux,MU,-20.34,57.76,68.0,82,75,8.05,shower rain
196,Taicheng,CN,38.73,113.23,66.15,71,19,4.79,few clouds
197,Eureka,US,40.8,-124.16,64.0,81,3,3.0,clear sky
198,Tuatapere,NZ,-46.13,167.68,57.99,76,100,3.0,overcast clouds
199,Sisimiut,GL,66.94,-53.67,48.92,73,0,8.12,clear sky
200,Kushima,JP,31.46,131.23,87.8,74,40,5.82,scattered clouds
201,Lebu,CL,-37.62,-73.65,44.42,74,0,18.97,clear sky
202,Beringovskiy,RU,63.05,179.32,59.52,48,100,8.43,overcast clouds
203,Coquimbo,CL,-29.95,-71.34,51.8,87,0,4.7,clear sky
204,Lorengau,PG,-2.02,147.27,86.13,66,35,8.81,scattered clouds
205,La Asuncion,VE,11.03,-63.86,82.4,83,56,12.75,broken clouds
206,Hays,US,30.05,-98.03,89.01,25,3,1.99,clear sky
207,Dawson Creek,CA,55.77,-120.24,71.6,30,1,5.82,clear sky
208,Tukrah,LY,32.53,20.58,77.05,81,0,8.25,clear sky
209,Zakharovo,RU,54.37,39.28,52.0,70,91,1.01,overcast clouds
210,Dakar,SN,14.69,-17.44,82.4,83,40,6.93,scattered clouds
211,Salalah,OM,17.02,54.09,77.0,94,90,5.82,light intensity drizzle
212,Comodoro Rivadavia,AR,-45.87,-67.5,51.8,55,85,17.22,overcast clouds
213,Lazaro Cardenas,MX,17.96,-102.2,80.71,83,100,8.21,overcast clouds
214,Cherat,PK,33.82,71.89,78.8,88,75,6.93,haze
215,Gisborne,NZ,-38.65,178.0,63.0,56,96,4.0,overcast clouds
216,Hatillo,PR,18.49,-66.83,84.0,100,0,13.13,clear sky
217,Narvik,NO,68.44,17.43,48.2,93,100,5.82,light rain
218,Palmer,US,42.16,-72.33,63.0,100,20,3.36,few clouds
219,Nanortalik,GL,60.14,-45.24,46.18,77,2,12.28,clear sky
220,Provost,CA,52.35,-110.27,72.75,57,0,7.29,clear sky
221,Bam,IR,29.11,58.36,81.27,18,4,2.68,clear sky
222,Adre,TD,13.47,22.2,70.72,92,100,8.77,light rain
223,Sampit,ID,-2.53,112.95,84.79,61,3,4.21,clear sky
224,Bredasdorp,ZA,-34.53,20.04,45.0,93,73,9.28,broken clouds
225,Montepulciano,IT,43.1,11.79,64.99,81,0,1.5,clear sky
226,Jiblah,YE,13.92,44.15,66.94,72,75,4.0,broken clouds
227,Warrnambool,AU,-38.38,142.48,52.0,83,48,10.0,light rain
228,Cidreira,BR,-30.18,-50.21,51.33,75,27,11.39,scattered clouds
229,Kashi,CN,39.45,75.98,66.2,68,40,2.37,scattered clouds
230,Honningsvag,NO,70.98,25.97,50.36,84,100,8.3,light rain
231,Smithers,CA,54.78,-127.17,55.4,87,90,5.82,light rain
232,Noumea,NC,-22.28,166.46,78.8,54,1,10.29,clear sky
233,Manggar,ID,-2.88,108.27,83.17,73,88,13.27,overcast clouds
234,Necochea,AR,-38.55,-58.74,43.0,68,76,5.99,broken clouds
235,Muros,ES,42.78,-9.06,63.0,94,89,6.06,overcast clouds
236,Constantine,DZ,36.37,6.61,75.2,44,1,3.36,clear sky
237,Mankono,CI,8.06,-6.19,69.4,98,94,6.06,overcast clouds
238,Baracoa,CU,20.35,-74.5,81.46,85,57,5.59,broken clouds
239,Chara,RU,56.91,118.26,64.15,39,100,2.21,overcast clouds
240,Shimoda,JP,34.67,138.95,87.01,74,20,11.41,few clouds
241,Olafsvik,IS,64.89,-23.71,49.3,78,12,6.15,few clouds
242,Vestmanna,FO,62.16,-7.17,51.8,76,96,12.75,overcast clouds
243,Barkly West,ZA,-28.54,24.52,28.4,68,0,3.74,clear sky
244,Mariental,NA,-24.63,17.97,37.27,58,0,9.1,clear sky
245,Poddorye,RU,57.47,31.12,51.78,94,0,2.95,clear sky
246,Talnakh,RU,69.49,88.4,62.6,42,100,13.42,overcast clouds
247,Harper,LR,4.38,-7.72,75.49,86,100,10.22,overcast clouds
248,San Vicente,AR,-26.62,-54.13,50.7,95,100,8.14,overcast clouds
249,Birjand,IR,32.87,59.22,64.4,18,0,4.7,clear sky
250,Touros,BR,-5.2,-35.46,71.6,94,20,3.36,few clouds
251,Luderitz,NA,-26.65,15.16,59.54,32,0,9.28,clear sky
252,Gimli,CA,50.63,-96.99,75.0,99,39,4.9,scattered clouds
253,Evensk,RU,61.95,159.23,53.2,87,100,10.07,light rain
254,Los Andes,CL,-32.83,-70.6,48.99,99,0,3.94,clear sky
255,Nchelenge,ZM,-9.35,28.73,66.96,43,42,3.31,scattered clouds
256,Fairbanks,US,64.84,-147.72,73.4,46,1,6.93,clear sky
257,Sao Gabriel Da Cachoeira,BR,-0.13,-67.09,78.08,73,0,2.62,clear sky
258,Shache,CN,38.42,77.24,77.05,29,100,2.89,overcast clouds
259,Buchanan,LR,5.88,-10.05,77.0,88,75,6.93,broken clouds
260,Port Blair,IN,11.67,92.75,84.02,75,99,15.55,overcast clouds
261,Gbadolite,CD,4.28,21.02,68.34,91,100,0.69,overcast clouds
262,Troina,IT,37.79,14.6,73.99,100,5,4.7,clear sky
263,Constitucion,CL,-35.33,-72.42,46.51,67,0,7.36,clear sky
264,Galesong,ID,-5.32,119.37,86.0,40,20,4.7,few clouds
265,Virden,US,39.5,-89.77,68.0,74,0,5.26,clear sky
266,Araouane,ML,18.9,-3.53,94.08,34,24,14.79,few clouds
267,San Jeronimito,MX,17.55,-101.33,79.75,82,100,4.05,overcast clouds
268,Husavik,IS,66.04,-17.34,44.6,81,0,1.12,clear sky
269,Kalabo,ZM,-14.97,22.68,54.12,37,0,7.76,clear sky
270,Owando,CG,-0.48,15.9,73.29,92,100,2.62,overcast clouds
271,Katunayaka,LK,7.16,79.88,82.4,78,75,8.05,broken clouds
272,Keti Bandar,PK,24.14,67.45,84.88,79,100,17.18,overcast clouds
273,Itarema,BR,-2.92,-39.92,75.9,81,55,11.52,broken clouds
274,Tazovskiy,RU,67.47,78.7,57.47,83,98,11.48,overcast clouds
275,Kungurtug,RU,50.6,97.52,60.42,74,100,1.1,overcast clouds
276,Aberdeen,GB,57.14,-2.1,61.0,93,100,12.75,mist
277,Buta,CD,2.79,24.73,67.21,97,99,0.31,overcast clouds
278,Khor,RU,47.89,134.95,65.21,68,0,10.89,clear sky
279,Lagoa,PT,39.05,-27.98,68.83,70,78,18.68,broken clouds
280,Atar,MR,20.52,-13.05,91.02,40,0,13.24,clear sky
281,Matara,LK,5.95,80.54,80.87,80,100,10.2,overcast clouds
282,Chirongui,YT,-12.93,45.15,69.8,94,20,1.12,few clouds
283,Burgeo,CA,47.62,-57.62,61.81,88,100,5.08,overcast clouds
284,Nantucket,US,41.28,-70.1,66.99,93,75,9.98,broken clouds
285,Sobolevo,RU,54.43,31.9,57.31,95,100,10.8,overcast clouds
286,Carballo,ES,43.21,-8.69,62.6,93,75,4.7,broken clouds
287,Javanrud,IR,34.8,46.52,60.8,41,0,1.54,clear sky
288,North Bend,US,43.41,-124.22,66.0,87,90,4.7,overcast clouds
289,Peruibe,BR,-24.32,-47.0,65.84,81,99,4.74,overcast clouds
290,Mazagao,BR,-0.12,-51.29,82.4,88,40,9.17,scattered clouds
291,Merauke,ID,-8.47,140.33,82.27,60,57,9.31,broken clouds
292,Valdivia,CL,-39.81,-73.25,41.0,75,0,4.7,clear sky
293,Zapolyarnyy,RU,69.42,30.81,51.8,100,71,10.29,broken clouds
294,Wynyard,AU,-41.0,145.72,51.01,63,46,10.0,scattered clouds
295,Tecpan,GT,14.76,-90.99,52.0,100,100,3.0,moderate rain
296,Namatanai,PG,-3.67,152.43,83.44,70,64,6.29,light rain
297,Souillac,MU,-20.52,57.52,68.0,82,75,8.05,shower rain
298,Tevaitoa,PF,-16.78,-151.5,78.76,76,4,20.51,light rain
299,Salta,AR,-24.79,-65.41,44.6,36,100,4.7,overcast clouds
300,Yangambi,CD,0.81,24.43,71.13,95,97,1.9,overcast clouds
301,Orotukan,RU,62.27,151.7,43.02,91,100,12.21,light rain
302,Matamoros,MX,25.53,-103.25,89.6,25,75,12.75,broken clouds
303,Rudnya,RU,54.95,31.09,56.57,96,99,9.13,overcast clouds
304,Coos Bay,US,43.37,-124.22,68.0,87,90,4.7,overcast clouds
305,Esperance,AU,-33.87,121.9,50.0,100,75,11.41,broken clouds
306,Alofi,NU,-19.06,-169.92,78.24,89,0,10.31,clear sky
307,Wajir,KE,1.75,40.06,71.6,80,48,11.39,scattered clouds
308,Jacareacanga,BR,-6.22,-57.75,78.85,46,0,1.59,clear sky
309,Cherskiy,RU,68.75,161.3,46.53,58,39,9.98,scattered clouds
310,Karaidel,RU,55.83,56.91,46.33,86,100,13.35,overcast clouds
311,Tual,ID,-5.67,132.75,79.27,80,6,15.03,clear sky
312,Saint-Paul,RE,-21.01,55.27,66.2,88,90,11.41,light rain
313,Hohoe,GH,7.15,0.47,70.02,92,28,2.77,scattered clouds
314,Kaa-Khem,RU,51.68,94.73,62.55,66,0,2.55,clear sky
315,Qui Nhon,VN,13.77,109.23,82.45,73,100,5.66,overcast clouds
316,Brownsville,US,25.9,-97.5,86.0,58,1,5.82,clear sky
317,Havoysund,NO,71.0,24.66,48.2,93,75,13.87,broken clouds
318,Senanga,ZM,-16.12,23.27,50.0,41,30,7.11,scattered clouds
319,Wanning,CN,18.8,110.4,83.73,78,99,3.67,light rain
320,Seymchan,RU,62.88,152.43,47.59,82,100,21.09,light rain
321,Oktyabrskoye,RU,43.06,44.74,55.4,93,0,4.47,clear sky
322,Floro,NO,61.6,5.03,60.8,93,0,9.17,clear sky
323,Coruripe,BR,-10.13,-36.18,72.45,85,100,3.96,overcast clouds
324,Burnie,AU,-41.07,145.92,55.99,63,53,10.0,broken clouds
325,Hoquiam,US,46.98,-123.89,64.99,82,20,12.75,few clouds
326,Isangel,VU,-19.55,169.27,78.8,69,20,3.36,few clouds
327,Marawi,PH,8.0,124.29,82.0,83,100,4.0,light rain
328,Oranjemund,NA,-28.55,16.43,51.22,57,0,5.5,clear sky
329,Sitka,US,57.05,-135.33,66.2,63,75,4.7,broken clouds
330,Suntar,RU,62.14,117.63,61.88,44,0,5.66,clear sky
331,Khani,GE,41.96,42.96,66.2,93,5,2.24,clear sky
332,Windhoek,NA,-22.56,17.08,41.0,25,0,9.17,clear sky
333,Atherton,GB,53.52,-2.49,66.0,70,100,5.99,light rain
334,Gizo,SB,-8.1,156.84,83.84,69,18,0.81,few clouds
335,Makakilo City,US,21.35,-158.09,89.6,43,1,9.17,clear sky
336,Port Hawkesbury,CA,45.62,-61.35,64.4,88,75,9.17,broken clouds
337,Ocampo,MX,21.65,-101.5,61.34,74,100,7.56,light rain
338,Muswellbrook,AU,-32.27,150.9,53.1,61,98,14.07,overcast clouds
339,Acarau,BR,-2.89,-40.12,75.97,80,56,13.78,broken clouds
340,Along,IN,28.17,94.77,81.63,64,0,0.25,clear sky
341,Antofagasta,CL,-23.65,-70.4,55.4,71,90,8.05,overcast clouds
342,San Patricio,MX,19.22,-104.7,86.0,74,40,3.8,scattered clouds
343,Senigallia,IT,43.71,13.22,71.01,83,0,3.36,clear sky
344,Rudbar,AF,30.15,62.6,75.76,19,0,8.93,clear sky
345,Pavilosta,LV,56.89,21.19,62.6,93,100,2.24,overcast clouds
346,Vardo,NO,70.37,31.11,52.95,82,100,11.9,overcast clouds
347,Babu,CN,24.42,111.52,77.45,87,100,1.99,light rain
348,Srandakan,ID,-7.94,110.25,82.81,63,14,6.89,few clouds
349,Bismil,TR,37.85,40.67,69.8,72,0,1.12,clear sky
350,Bedele,ET,8.46,36.35,53.69,100,100,1.32,overcast clouds
351,Rockport,US,28.02,-97.05,87.8,62,1,6.93,clear sky
352,Kandrian,PG,-6.22,149.55,84.29,64,10,9.22,clear sky
353,Grindavik,IS,63.84,-22.43,48.2,100,90,3.36,light intensity drizzle
354,Ahuimanu,US,21.44,-157.84,87.8,65,20,13.87,few clouds
355,Zhezkazgan,KZ,47.8,67.71,61.16,36,100,4.7,overcast clouds
356,Sibolga,ID,1.74,98.78,85.03,60,82,2.19,broken clouds
357,Nhulunbuy,AU,-12.23,136.77,84.2,51,0,8.05,clear sky
358,Langres,FR,47.83,5.33,66.0,93,5,5.93,clear sky
359,Poum,NC,-20.23,164.02,73.18,72,0,13.09,clear sky
360,Chuguyevka,RU,44.17,133.86,66.52,50,100,6.78,overcast clouds
361,Korla,CN,41.76,86.15,80.11,27,96,12.53,overcast clouds
362,Bereda,ES,43.27,-7.54,64.99,100,97,3.0,light rain
363,Mehran,IR,33.12,46.16,68.0,28,0,4.7,clear sky
364,Aykhal,RU,66.0,111.5,46.4,75,53,6.71,broken clouds
365,Vila Franca Do Campo,PT,37.72,-25.43,64.4,77,40,4.7,scattered clouds
366,Hovd,MN,48.01,91.64,65.64,36,100,3.71,overcast clouds
367,Juneau,US,58.3,-134.42,64.4,55,75,9.17,broken clouds
368,Moree,AU,-29.47,149.85,60.8,44,0,20.8,clear sky
369,Kishtwar,IN,33.32,75.77,68.23,67,96,1.39,overcast clouds
370,Airai,TL,-8.93,125.41,76.55,29,3,3.49,clear sky
371,Luganville,VU,-15.53,167.17,82.4,83,75,9.17,broken clouds
372,Ust-Kulom,RU,61.69,53.69,54.19,93,100,9.53,overcast clouds
373,Inhambane,MZ,-23.86,35.38,64.36,75,56,9.26,broken clouds
374,Belle Fourche,US,44.67,-103.85,84.0,41,1,5.82,haze
375,Klaksvik,FO,62.23,-6.59,51.8,76,100,12.75,light rain
376,Balingasay,PH,16.36,119.86,80.82,81,100,4.79,overcast clouds
377,Jaguaribe,BR,-5.89,-38.62,72.16,74,32,5.48,scattered clouds
378,Aguimes,ES,27.91,-15.45,73.4,56,0,13.87,clear sky
379,Lloret De Mar,ES,41.7,2.85,77.0,75,0,1.99,clear sky
380,Deer Lake,CA,49.17,-57.43,57.2,87,40,3.36,scattered clouds
381,Khatanga,RU,71.97,102.5,55.67,54,35,10.51,scattered clouds
382,Malartic,CA,48.13,-78.13,51.8,87,5,3.36,clear sky
383,Ambon,ID,-3.7,128.18,84.2,70,40,5.82,scattered clouds
384,Natal,BR,-5.79,-35.21,73.4,88,100,5.82,overcast clouds
385,Sur,OM,22.57,59.53,85.64,63,76,1.3,broken clouds
386,Sungaipenuh,ID,-2.08,101.38,73.0,80,99,2.93,overcast clouds
387,Ahipara,NZ,-35.17,173.17,63.36,73,0,17.65,clear sky
388,Kajaani,FI,64.23,27.73,59.0,93,0,5.82,light rain
389,Klyuchi,RU,52.27,79.17,62.01,47,0,12.15,clear sky
390,Puksoozero,RU,62.59,40.61,39.54,88,7,1.9,clear sky
391,Pascagoula,US,30.37,-88.56,80.6,78,20,4.7,few clouds
392,Ossora,RU,59.24,163.07,53.53,84,100,22.44,light rain
393,Doha,QA,25.29,51.53,89.6,75,47,5.82,scattered clouds
394,Te Anau,NZ,-45.42,167.72,51.08,77,100,1.77,overcast clouds
395,Eyrarbakki,IS,63.86,-21.15,48.2,93,90,8.05,mist
396,Pemangkat,ID,1.17,108.97,82.56,72,95,3.51,overcast clouds
397,Taua,BR,-5.97,-40.3,75.79,43,88,7.4,overcast clouds
398,Baykit,RU,61.67,96.37,55.67,87,100,2.73,moderate rain
399,Berlevag,NO,70.86,29.09,50.68,87,96,11.25,overcast clouds
400,Qaqortoq,GL,60.72,-46.03,50.0,66,18,4.7,few clouds
401,Lahaina,US,20.88,-156.68,86.0,58,40,23.04,scattered clouds
402,Pangai,TO,-19.8,-174.35,82.4,78,75,8.05,broken clouds
403,Vestmannaeyjar,IS,63.44,-20.27,48.61,82,100,14.38,light rain
404,Leh,IN,34.17,77.58,58.98,38,43,5.88,scattered clouds
405,Biltine,TD,14.53,20.92,75.65,77,100,2.28,overcast clouds
406,Mackenzie,CA,55.3,-123.17,69.8,30,1,5.82,clear sky
407,Mendoza,AR,-32.89,-68.83,35.6,47,0,1.9,clear sky
408,Saint-Francois,FR,46.42,3.91,63.0,82,0,2.24,clear sky
409,Umm Kaddadah,SD,13.6,26.69,75.45,74,43,11.21,moderate rain
410,Zacatecas,MX,23.0,-103.0,60.8,82,90,5.88,light rain
411,Blagoyevo,RU,63.37,47.92,47.93,82,99,9.48,overcast clouds
412,Nurota,UZ,40.56,65.69,60.8,23,0,4.7,clear sky
413,Hit,IQ,33.64,42.83,82.18,23,0,12.59,clear sky
414,Capinzal,BR,-27.34,-51.61,54.25,92,100,2.86,overcast clouds
415,Mao,ES,39.89,4.27,75.2,88,0,6.93,clear sky
416,Uige,AO,-7.61,15.06,65.07,92,96,2.59,overcast clouds
417,Alihe,CN,50.57,123.72,68.41,41,0,6.62,clear sky
418,Provideniya,RU,64.38,-173.3,60.8,63,40,13.42,scattered clouds
419,Sarakhs,IR,36.54,61.16,66.2,42,0,2.24,clear sky
420,Derzhavinsk,KZ,51.1,66.32,52.83,61,0,13.33,clear sky
421,Severnoye,RU,56.35,78.36,52.07,92,1,11.61,clear sky
422,Adet,ET,11.26,37.49,56.35,86,52,2.62,light rain
423,Faya,SA,18.39,42.45,69.8,56,66,3.67,broken clouds
424,Galdar,ES,28.15,-15.65,73.4,56,0,13.87,clear sky
425,Mehamn,NO,71.04,27.85,49.78,86,98,13.58,overcast clouds
426,Levin,NZ,-40.63,175.28,64.0,69,100,4.0,light rain
427,Charters Towers,AU,-20.1,146.27,78.01,20,32,13.78,scattered clouds
428,Sao Felix Do Xingu,BR,-6.64,-51.99,78.39,47,19,1.45,few clouds
429,Angangueo,MX,19.62,-100.29,61.0,98,100,1.01,moderate rain
430,Lasa,IT,46.62,10.7,59.0,87,40,3.36,scattered clouds
431,Lano,NG,10.17,11.47,73.71,89,100,5.28,light rain
432,Sechura,PE,-5.56,-80.82,62.17,79,100,14.99,overcast clouds
433,Hobyo,SO,5.35,48.53,76.93,81,96,16.71,overcast clouds
434,Kifri,IQ,34.7,44.97,73.9,24,0,2.06,clear sky
435,Vila Do Maio,CV,15.13,-23.22,78.8,74,20,12.75,few clouds
436,Chuy,UY,-33.7,-53.46,41.36,80,3,9.44,clear sky
437,Ankang,CN,32.68,109.02,75.25,85,100,1.32,light rain
438,Liverpool,GB,53.41,-2.98,66.2,72,100,21.92,overcast clouds
439,Ganzhou,CN,28.82,115.43,90.12,63,64,3.0,light rain
440,Luancheng,CN,37.88,114.65,75.2,73,100,6.71,light rain
441,Goianapolis,BR,-16.51,-49.02,73.4,64,41,4.7,scattered clouds
442,Ust-Kan,RU,50.93,84.76,57.97,53,0,8.43,clear sky
443,Vryburg,ZA,-26.96,24.73,30.06,87,0,4.92,clear sky
444,Kununurra,AU,-15.77,128.73,86.0,15,0,6.93,clear sky
445,Los Llanos De Aridane,ES,28.66,-17.92,71.01,83,0,6.93,clear sky
446,Egvekinot,RU,66.32,-179.17,52.29,59,82,7.87,broken clouds
447,Ola,RU,59.58,151.28,55.26,84,100,22.3,light rain
448,Jatiroto,ID,-7.88,111.12,78.8,74,23,6.93,few clouds
449,Vitim,RU,59.45,112.56,72.48,36,0,2.42,clear sky
450,Agirish,RU,61.92,63.02,52.72,100,100,4.61,moderate rain
451,Itaituba,BR,-4.28,-55.98,84.76,46,56,2.84,broken clouds
452,Jacmel,HT,18.23,-72.53,86.0,62,40,19.46,scattered clouds
453,Canutama,BR,-6.53,-64.38,83.77,47,0,2.39,clear sky
454,Deputatskiy,RU,69.3,139.9,38.34,76,96,8.95,overcast clouds
455,Penzance,GB,50.12,-5.54,60.8,77,0,25.28,clear sky
456,Verkhnyaya Inta,RU,65.98,60.31,51.73,90,1,6.67,clear sky
457,Okha,RU,53.57,142.95,59.77,68,16,24.18,few clouds
458,Denpasar,ID,-8.65,115.22,80.6,94,75,17.22,broken clouds
459,Bafra,TR,41.57,35.91,60.8,87,0,2.24,clear sky
460,Batagay,RU,67.63,134.63,49.71,49,15,9.31,few clouds
461,Udachnyy,RU,66.42,112.4,46.4,75,0,6.71,clear sky
462,Colares,PT,38.8,-9.45,70.0,88,4,8.01,clear sky
463,Ullapool,GB,57.9,-5.16,62.01,85,100,13.0,overcast clouds
464,Nabire,ID,-3.37,135.48,84.56,69,1,4.21,light rain
465,Abaza,RU,52.66,90.09,67.21,46,2,5.53,clear sky
466,Del Rio,US,29.36,-100.9,98.6,27,1,6.93,clear sky
467,Ngorongoro,TZ,-3.24,35.49,50.67,100,98,6.46,overcast clouds
468,Mabaruma,GY,8.2,-59.78,76.05,90,0,2.39,clear sky
469,Upington,ZA,-28.45,21.26,37.4,27,0,2.24,clear sky
470,Bonavista,CA,48.65,-53.11,61.0,80,96,1.01,overcast clouds
471,Avera,US,33.19,-82.53,78.8,94,1,3.36,clear sky
472,Andenes,NO,69.31,16.12,46.4,81,47,3.36,scattered clouds
473,Sola,VU,-13.88,167.55,80.35,84,13,11.32,light rain
474,Arco,IT,45.92,10.89,70.0,93,90,2.24,fog
475,Launceston,AU,-41.45,147.17,57.99,53,1,13.87,clear sky
476,Mount Gambier,AU,-37.83,140.77,51.8,93,75,12.75,light intensity shower rain
477,Amarasti,RO,44.77,24.15,66.99,82,100,10.29,overcast clouds
478,Casma,CL,-41.01,-73.12,42.8,70,0,5.82,clear sky
479,Lexington,US,37.99,-84.48,69.8,60,1,9.17,clear sky
480,Bathsheba,BB,13.22,-59.52,82.4,83,40,10.29,scattered clouds
481,Tekanpur,IN,25.98,78.27,80.6,94,75,3.36,mist
482,Igarka,RU,67.47,86.58,61.25,71,100,7.85,overcast clouds
483,Buraydah,SA,26.33,43.98,80.6,21,16,4.7,few clouds
484,Kawalu,ID,-7.38,108.21,80.4,65,48,2.71,scattered clouds
485,Mirnyy,RU,62.54,113.96,48.2,87,0,4.47,clear sky
486,Santa Vitoria Do Palmar,BR,-33.52,-53.37,41.58,79,2,9.57,clear sky
487,Anisoc,GQ,1.87,10.77,70.92,94,91,0.89,overcast clouds
488,Pevek,RU,69.7,170.31,42.69,82,100,8.01,overcast clouds
489,Baruun-Urt,MN,46.68,113.28,61.75,45,0,5.97,clear sky
490,Port Lincoln,AU,-34.73,135.87,56.71,63,36,22.59,scattered clouds
491,Aban,RU,56.67,96.06,62.2,79,0,8.88,clear sky
492,Moron,AR,-34.65,-58.62,45.0,66,0,1.01,clear sky
493,Sangmelima,CM,2.93,11.98,69.6,93,92,4.27,overcast clouds
494,Komsomolskiy,UZ,40.43,71.72,69.8,60,0,4.27,clear sky
495,Bay Roberts,CA,47.6,-53.26,62.01,1,100,9.73,overcast clouds
496,Meadow Lake,US,34.8,-106.54,93.2,14,75,12.75,shower rain
497,Freeport,US,40.66,-73.58,71.6,78,1,3.53,clear sky
498,Luzhou,CN,28.87,105.44,79.18,71,81,3.29,broken clouds
499,Goure,NE,13.98,10.27,81.0,64,100,5.99,overcast clouds
500,Meulaboh,ID,4.14,96.13,82.76,72,99,1.79,overcast clouds
501,Petatlan,MX,17.52,-101.27,78.78,84,100,3.22,overcast clouds
502,Thunder Bay,CA,48.4,-89.32,62.01,100,90,4.0,thunderstorm with light rain
503,Metu,ET,8.3,35.58,57.38,98,100,2.17,overcast clouds
504,Itanhem,BR,-17.17,-40.33,67.48,91,6,5.46,clear sky
505,Mora,CM,11.05,14.14,74.01,81,100,5.75,overcast clouds
506,Randers,DK,56.47,10.05,61.0,74,100,1.01,overcast clouds
507,Charcas,MX,23.13,-101.12,66.7,57,100,10.89,overcast clouds
508,Barentu,ER,15.11,37.59,71.74,89,19,6.38,few clouds
509,Port Hedland,AU,-20.32,118.57,78.8,14,0,18.34,clear sky
510,Sadalgi,IN,16.57,74.55,72.99,87,100,12.1,overcast clouds
511,Atamanovka,RU,51.93,113.63,62.6,59,0,2.24,clear sky
512,Caravelas,BR,-17.71,-39.25,72.23,87,1,7.81,clear sky
513,Maragogi,BR,-9.01,-35.22,73.11,84,100,4.45,overcast clouds
514,Piopio,NZ,-38.47,175.02,60.01,83,100,1.01,moderate rain
515,Villeta,CO,5.01,-74.47,57.2,87,40,2.24,scattered clouds
516,Calabozo,VE,8.92,-67.43,76.5,93,98,3.8,light rain
517,Saint Anthony,US,45.02,-93.22,77.0,61,40,9.17,scattered clouds
518,Svetlogorsk,BY,52.63,29.73,60.06,95,100,8.75,overcast clouds
519,Sabang,ID,5.89,95.32,82.33,76,99,6.08,overcast clouds
520,Kangaatsiaq,GL,68.31,-53.46,47.3,79,0,14.63,clear sky
521,Atikokan,CA,48.76,-91.62,65.82,87,28,1.19,light rain
522,Naze,JP,28.37,129.48,91.4,70,20,9.17,few clouds
523,Camocim,BR,-2.9,-40.84,76.12,80,56,12.08,broken clouds
524,Sabalgarh,IN,26.25,77.4,83.64,79,97,1.97,moderate rain
525,Kalulushi,ZM,-12.84,28.09,57.51,46,0,3.8,clear sky
526,Igrim,RU,63.19,64.42,53.98,95,100,11.05,light rain
527,Bubaque,GW,11.28,-15.83,81.27,84,88,6.64,light rain
528,Sidhpura,IN,27.63,78.88,82.62,78,100,9.01,overcast clouds
529,Boshan,CN,36.48,117.83,68.31,93,100,12.84,moderate rain
530,Abdulino,RU,53.7,53.67,45.48,89,11,10.16,few clouds
531,Ust-Tsilma,RU,65.44,52.15,54.55,89,100,8.14,overcast clouds
532,Belyy Yar,RU,53.6,91.39,59.0,82,11,4.47,few clouds
533,Bilibino,RU,68.05,166.44,46.44,86,100,1.12,light rain
534,Heyang,CN,26.1,107.47,76.39,77,44,5.19,light rain
535,At-Bashi,KG,41.17,75.81,57.78,46,3,1.01,clear sky
536,Gat,IL,31.61,34.76,73.0,40,0,1.99,clear sky
537,Walvis Bay,NA,-22.96,14.51,62.6,27,0,3.36,clear sky
538,Havelock,US,34.88,-76.9,77.0,88,75,3.36,broken clouds
539,Nizhnevartovsk,RU,60.93,76.55,55.4,93,39,6.71,scattered clouds
540,Port Augusta,AU,-32.5,137.77,59.0,62,75,14.99,broken clouds
541,Dawei,MM,14.08,98.2,83.79,69,69,2.39,light rain
542,Saint-Leu,RE,-21.15,55.28,69.01,68,90,3.36,overcast clouds
543,Imeni Zhelyabova,RU,58.95,36.6,46.89,87,0,2.46,clear sky
544,Pucallpa,PE,-8.38,-74.55,80.91,69,96,2.04,light rain
545,Thinadhoo,MV,0.53,72.93,83.41,62,77,2.55,broken clouds
546,Sepuka,TZ,-4.75,34.53,61.23,75,80,12.15,broken clouds
547,Traiguen,CL,-38.25,-72.68,36.27,85,0,6.58,clear sky
548,Muyezerskiy,RU,63.93,31.65,52.02,78,1,8.97,clear sky
549,Tateyama,JP,34.98,139.87,93.0,74,20,11.41,few clouds
550,Peniche,PT,39.36,-9.38,72.0,91,30,15.01,scattered clouds
551,Redlands,US,34.06,-117.18,98.6,27,40,11.41,haze
552,Ciudad Bolivar,VE,8.12,-63.55,80.69,73,90,8.7,overcast clouds
553,Collipulli,CL,-37.95,-72.43,35.33,88,0,5.66,clear sky
554,Margate,GB,51.38,1.39,68.0,99,99,1.99,overcast clouds
555,Morehead,US,37.27,-87.18,71.6,77,1,8.23,clear sky
556,Tabon,PH,9.24,117.99,81.91,78,100,6.96,moderate rain
557,Nishihara,JP,26.18,127.76,89.6,66,40,8.05,scattered clouds
558,Bonthe,SL,7.53,-12.51,75.49,92,100,11.86,moderate rain
559,Madimba,TZ,-10.4,40.33,71.82,86,46,1.36,light rain
560,Chengde,CN,40.97,117.94,68.31,64,100,2.55,overcast clouds
561,Talara,PE,-4.58,-81.27,61.75,84,99,18.41,overcast clouds
562,Kanniyakumari,IN,8.08,77.57,80.06,79,100,18.95,overcast clouds
563,Vao,NC,-22.67,167.48,71.46,80,0,21.36,clear sky
564,Leshukonskoye,RU,64.9,45.76,40.75,89,6,5.1,clear sky
565,Tura,IN,25.52,90.22,73.96,94,99,5.75,light rain
566,Da Lat,VN,11.95,108.44,62.94,85,100,2.42,overcast clouds
567,Santa Cruz,BO,-17.8,-63.17,60.8,87,90,28.86,thunderstorm with light rain
568,Manokwari,ID,-0.87,134.08,82.6,70,84,8.75,light rain
569,Najran,SA,17.49,44.13,80.6,24,29,4.7,scattered clouds
570,Russell,US,32.35,-85.2,80.6,88,40,3.36,scattered clouds
571,Manaure,CO,11.78,-72.44,83.73,77,99,1.28,light rain
572,Santa Fe,AR,-31.63,-60.7,46.99,38,10,10.0,clear sky
573,Chernyshevskiy,RU,63.01,112.47,59.86,56,0,8.77,clear sky
574,Bugama,NG,4.73,6.86,77.0,94,75,3.36,broken clouds
575,Manuk Mangkaw,PH,4.8,119.85,84.31,67,5,7.65,clear sky
576,Ixtapa,MX,20.7,-105.2,84.2,74,90,3.36,overcast clouds
577,Saint-Augustin,CA,51.23,-58.65,57.85,95,68,5.99,light rain
578,Ostrovnoy,RU,68.05,39.51,49.37,74,62,12.93,broken clouds
579,Peleduy,RU,59.63,112.74,72.36,34,0,2.91,clear sky
580,Ilebo,CD,-4.32,20.58,72.79,79,100,1.03,light rain
581,Ust-Ishim,RU,57.69,71.17,52.56,96,100,5.59,overcast clouds
582,Simbahan,PH,6.3,120.58,83.97,70,20,7.16,few clouds
583,Broken Hill,AU,-31.95,141.43,55.4,54,40,19.46,scattered clouds
584,Meiganga,CM,6.52,14.3,66.25,97,100,4.68,moderate rain
585,La Palma,US,33.85,-118.05,91.4,41,1,3.36,clear sky
586,Pokhara,NP,28.23,83.98,71.74,85,100,4.85,moderate rain
587,Long,TH,18.08,99.83,77.0,88,20,2.24,few clouds
588,San Cristobal,VE,7.77,-72.22,67.26,92,99,2.3,overcast clouds
589,Cozumel,MX,20.51,-86.95,84.0,88,40,3.36,scattered clouds
590,Cabatuan,PH,10.88,122.49,78.78,87,100,4.61,overcast clouds
591,Hirapur,IN,21.53,79.77,76.14,93,93,3.76,light rain
592,Enshi,CN,30.3,109.48,80.51,77,69,1.43,light rain
593,Ayan,RU,56.45,138.17,63.1,51,100,14.29,overcast clouds
594,Santiago,CL,-33.46,-70.65,52.0,71,0,8.05,clear sky
595,Sept-Iles,CA,50.2,-66.38,62.01,82,90,10.29,overcast clouds
596,Swakopmund,NA,-22.68,14.53,62.6,27,0,3.36,clear sky
597,Nuevitas,CU,21.55,-77.26,77.0,94,2,4.7,light rain
598,Sabha,LY,27.04,14.43,85.35,21,0,8.7,clear sky
599,Lethem,GY,3.38,-59.8,77.76,81,100,3.83,overcast clouds
600,Arnstadt,DE,50.83,10.95,64.99,68,62,9.17,broken clouds
601,Bahia Blanca,AR,-38.72,-62.27,38.55,75,3,5.23,clear sky
602,San Quintin,MX,30.48,-115.95,77.41,66,19,12.08,few clouds
603,Sambava,MG,-14.27,50.17,66.96,85,99,8.34,light rain
604,Santa Isabel Do Rio Negro,BR,-0.41,-65.02,79.07,67,7,3.33,clear sky
605,Qandala,SO,11.47,49.87,87.71,54,21,11.05,few clouds
606,Morondava,MG,-20.28,44.28,68.14,63,0,9.53,clear sky
607,Torata,PE,-17.08,-70.84,49.71,50,11,1.81,few clouds
608,Shunyi,CN,40.12,116.65,82.0,83,100,2.24,overcast clouds
609,Bonham,US,33.58,-96.18,82.0,65,1,4.07,clear sky
610,Mingguang,CN,32.78,117.96,84.43,77,30,7.11,scattered clouds
611,Yaan,NG,7.38,8.57,72.73,97,100,6.98,overcast clouds
612,Guangyuan,CN,32.44,105.82,78.01,76,67,1.01,broken clouds
613,Kalaleh,IR,37.38,55.49,77.0,88,0,2.44,clear sky
614,Pringsewu,ID,-5.36,104.97,80.73,78,88,3.74,overcast clouds
615,Panguna,PG,-6.32,155.48,78.73,80,44,1.68,moderate rain
616,Bezhanitsy,RU,56.98,29.89,51.64,94,0,3.89,clear sky
617,Glarus,CH,47.04,9.07,69.01,55,100,5.01,overcast clouds
618,Lyubinskiy,RU,55.15,72.69,50.0,81,75,11.18,broken clouds
619,Shirgaon,IN,19.7,72.7,80.8,85,100,15.19,moderate rain
620,Ligayan,PH,4.65,119.47,84.51,69,20,8.37,few clouds
621,Atasu,KZ,48.68,71.64,58.51,44,86,6.78,overcast clouds
622,Totolapan,MX,18.52,-96.18,84.99,78,20,3.36,few clouds
623,Petropavl,KZ,54.88,69.16,50.0,93,90,13.42,light intensity shower rain
624,Fukue,JP,32.69,128.84,87.8,74,20,2.24,few clouds
625,Huicheng,CN,23.04,116.29,84.2,83,40,2.24,scattered clouds
626,Rommerskirchen,DE,51.03,6.7,71.01,76,100,1.99,overcast clouds
627,Calbuco,CL,-41.77,-73.13,39.2,86,44,6.93,scattered clouds
628,Jalu,LY,29.03,21.55,76.59,61,0,9.78,clear sky
629,Zuwarah,LY,32.93,12.08,80.19,68,0,7.47,clear sky
630,Pisco,PE,-13.7,-76.22,62.6,77,29,12.75,scattered clouds
631,Pingliang,CN,35.54,106.69,63.97,77,100,9.37,overcast clouds
632,Andros Town,BS,24.7,-77.77,77.0,94,90,17.22,thunderstorm with heavy rain
633,Carnot,CF,4.94,15.87,70.81,93,100,1.88,light rain
634,Voznesenye,RU,61.01,35.48,53.19,78,63,6.4,broken clouds
635,Mezen,RU,65.85,44.24,42.84,83,0,5.03,clear sky
636,Blackwater,AU,-23.58,148.88,73.83,21,0,10.92,clear sky
637,Bulgan,MN,48.81,103.53,67.05,67,53,1.59,broken clouds
638,Srednekolymsk,RU,67.45,153.68,46.22,57,88,8.88,overcast clouds
639,Lamar,US,33.67,-95.58,80.6,57,1,4.7,clear sky
640,Kondinskoye,RU,59.65,67.41,53.51,87,0,4.88,clear sky
641,Pochutla,MX,15.74,-96.47,79.0,92,64,4.54,light rain
642,Dickson,US,36.08,-87.39,71.01,88,75,6.93,broken clouds
643,Naifaru,MV,5.44,73.37,82.58,70,100,9.55,overcast clouds
644,Nova Friburgo,BR,-22.28,-42.53,62.47,88,11,2.35,few clouds
645,Tortoli,IT,39.93,9.66,75.2,100,5,12.75,clear sky
646,Erenhot,CN,43.65,111.98,65.91,49,0,11.18,clear sky
647,Whitecourt,CA,54.15,-115.69,71.6,49,40,5.82,scattered clouds
648,Sorong,ID,-0.88,131.25,81.57,78,69,9.17,light rain
649,Norsup,VU,-16.07,167.38,82.4,83,75,9.17,broken clouds
650,Winnemucca,US,40.97,-117.74,95.0,12,1,12.75,haze
651,Tigil,RU,57.8,158.67,53.58,92,100,13.06,light rain
652,Carutapera,BR,-1.2,-46.02,77.85,83,100,8.19,overcast clouds
653,Candiis,PH,8.97,125.18,85.5,63,50,3.69,scattered clouds
654,Karasburg,NA,-28.02,18.75,42.87,46,0,9.37,clear sky
655,Toktogul,KG,41.87,72.94,67.96,51,0,0.54,clear sky
656,Khasan,RU,42.43,130.64,62.22,81,100,11.1,light rain
657,Yining,CN,29.04,114.56,90.46,64,16,0.25,light rain
658,Plettenberg Bay,ZA,-34.05,23.37,52.32,54,57,6.02,broken clouds
659,Singaraja,ID,-8.11,115.09,83.26,62,18,1.86,few clouds
660,Praia,CV,14.92,-23.51,78.8,74,20,12.75,few clouds
661,Sioux Lookout,CA,50.1,-91.92,64.4,93,75,2.24,broken clouds
662,Coari,BR,-4.08,-63.14,80.73,56,3,1.88,clear sky
663,Guarapari,BR,-20.67,-40.5,77.0,76,5,14.85,clear sky
664,Kieta,PG,-6.22,155.63,83.48,71,4,4.12,moderate rain
665,Kavaratti,IN,10.57,72.64,82.15,77,100,12.75,light rain
666,Bilma,NE,18.69,12.92,90.09,14,49,4.43,scattered clouds
667,Naryan-Mar,RU,67.67,53.09,52.5,92,100,11.27,overcast clouds
668,Acapulco,MX,16.86,-99.89,84.2,79,90,8.05,overcast clouds
669,Changde,CN,29.05,111.68,82.27,86,94,10.38,overcast clouds
670,Dicabisagan,PH,17.08,122.42,83.26,77,100,8.57,moderate rain
671,Cap Malheureux,MU,-19.98,57.61,68.0,67,7,1.99,clear sky
672,Suruc,TR,36.98,38.42,73.4,49,0,8.05,clear sky
673,Biak,ID,-0.91,122.88,81.54,64,28,6.38,scattered clouds
674,San Juan,AR,-31.54,-68.54,41.13,59,0,4.21,clear sky
675,Gambela,ET,8.25,34.58,70.02,93,100,3.38,moderate rain
676,Smolenskoye,RU,52.3,85.08,70.3,35,0,9.64,clear sky
677,Nisia Floresta,BR,-6.09,-35.21,73.4,88,85,5.82,overcast clouds
678,Goderich,CA,43.75,-81.72,59.0,83,16,1.01,few clouds
679,Dobrusevo,MK,41.17,21.48,58.59,81,0,3.51,clear sky
680,Ouesso,CG,1.61,16.05,71.1,96,93,2.26,overcast clouds
681,Jacala,MX,21.02,-99.18,61.39,100,99,2.24,overcast clouds
682,Yei,SS,4.09,30.68,64.35,94,22,1.23,few clouds
683,Westport,US,41.14,-73.36,68.0,82,40,6.29,scattered clouds
684,Dinga,PK,32.64,73.72,77.0,94,90,4.7,thunderstorm with rain
685,Samarai,PG,-10.62,150.67,77.47,69,0,6.71,clear sky
686,Maldonado,UY,-34.67,-54.92,46.4,61,40,19.46,scattered clouds
687,Chicama,PE,-7.84,-79.15,59.52,85,100,5.08,overcast clouds
688,Puerto Leguizamo,CO,-0.19,-74.78,75.43,89,100,1.9,overcast clouds
689,Kamaishi,JP,39.27,141.88,87.8,55,20,4.7,few clouds
690,Sinazongwe,ZM,-17.26,27.46,67.21,34,10,10.31,clear sky
691,Jalalabad,AF,34.43,70.45,84.2,62,75,4.63,broken clouds
692,Sarangani,PH,5.4,125.46,83.75,73,100,10.09,light rain
693,Beatrice,US,40.27,-96.75,73.4,64,1,6.93,clear sky
694,Rafraf,TN,37.19,10.18,73.4,83,20,2.24,few clouds
695,Ploemeur,FR,47.73,-3.43,63.0,88,90,8.05,overcast clouds
696,Manhumirim,BR,-20.36,-41.96,62.94,83,0,3.0,clear sky
697,Kanigoro,ID,-8.13,112.22,83.1,59,7,5.79,clear sky
698,Baglan,AF,36.13,68.71,73.6,30,0,0.65,clear sky
699,Rabo De Peixe,PT,37.8,-25.58,64.4,77,40,4.7,scattered clouds
700,Toccoa,US,34.58,-83.33,73.4,78,1,3.83,clear sky
701,Miramar,US,25.99,-80.23,80.6,83,1,4.7,clear sky
702,Abbeville,FR,50.1,1.83,70.0,77,86,9.33,overcast clouds
703,Neuquen,AR,-38.95,-68.06,37.4,64,0,5.35,clear sky
704,Puteyets,RU,65.17,57.09,53.96,92,64,8.7,broken clouds
705,Roura,GF,4.73,-52.33,77.0,100,4,3.58,clear sky
706,Petrov Val,RU,50.14,45.21,58.33,68,74,11.52,broken clouds
707,Karasjok,NO,69.47,25.51,51.8,87,100,9.17,overcast clouds
708,Yamada,JP,39.47,141.95,87.1,50,0,3.27,clear sky
709,Hof,DE,50.32,11.92,59.0,80,100,1.01,overcast clouds
710,Kelo,TD,9.31,15.81,71.96,95,100,3.71,overcast clouds
711,Vila,PT,42.03,-8.16,66.0,95,98,5.01,light rain
712,Gasa,PS,31.5,34.47,73.0,40,0,1.99,clear sky
713,Ejutla De Crespo,MX,16.57,-96.73,71.6,68,75,3.36,broken clouds
714,Bururi,BI,-3.85,29.63,63.77,55,100,1.07,overcast clouds
715,Medina,SA,24.47,39.61,91.4,21,64,6.93,broken clouds
716,Gazli,UZ,40.13,63.45,69.89,30,0,5.77,clear sky
717,Wewak,PG,-3.55,143.63,85.53,60,0,6.38,clear sky
718,Kampong Thum,KH,12.71,104.89,81.79,78,100,4.12,overcast clouds
